   Post_ID,Impressions,Likes,Comments,Shares,Saves,Reach
1,5234,456,23,12,34,4521
2,8765,892,45,34,67,7234
3,3421,234,12,5,18,2987
4,12456,1234,89,56,123,10234
5,6543,543,34,23,45,5632
6,9876,987,67,45,89,8234
7,4321,345,21,11,28,3765
8,15234,1543,123,78,145,12876
9,7654,678,43,29,54,6543
10,11234,1123,78,54,98,9456
11,4567,389,19,8,31,3987
12,13456,1345,98,67,134,11234
13,5678,478,29,18,42,4876
14,10234,1023,71,49,87,8765
15,6789,589,38,24,56,5876
16,14567,1456,109,72,145,12345
17,3987,298,15,7,23,3456
18,9123,912,63,41,78,7654
19,5432,443,27,16,38,4765
20,11987,1198,84,58,102,10123
21,4876,387,22,10,32,4123
22,12876,1287,94,65,128,10876
23,6234,523,35,21,49,5432
24,8456,845,59,38,72,7123
25,7123,612,41,26,58,6234
26,13987,1398,104,71,139,11876
27,4234,334,18,9,27,3654
28,10876,1087,76,52,93,9234
29,5987,498,31,19,44,5123
30,9234,923,64,42,81,7876
31,6876,578,37,23,53,5987
32,15876,1587,118,81,158,13234
33,3654,287,14,6,21,3123
34,11456,1145,81,56,99,9876
35,7234,623,42,27,59,6345
36,8987,898,62,40,77,7543
37,5123,423,26,15,36,4432
38,14234,1423,107,73,142,12123
39,4543,358,20,10,29,3876
40,12234,1223,87,60,122,10456
41,6543,543,36,22,51,5654
42,9654,965,66,44,83,8123
43,7876,687,45,28,61,6765
44,16234,1623,121,84,162,13876
45,3876,297,15,7,24,3287
46,11876,1187,83,57,101,10234
47,5876,488,30,18,43,5032
48,8234,823,57,37,71,6987
49,6345,534,35,21,48,5456
50,13234,1323,97,67,132,11456
51,4432,348,19,9,28,3765
52,10456,1045,73,50,90,8876
53,7543,643,43,27,57,6543
54,9432,943,65,43,82,8012
55,5654,468,29,17,41,4876
56,14876,1487,111,76,148,12654
57,3987,294,14,6,22,3345
58,12654,1265,90,62,126,10765
59,6765,568,37,23,54,5876
60,8876,887,61,39,76,7456
61,7234,623,41,26,58,6234
62,15456,1545,115,79,154,13123
63,4123,324,18,8,26,3543
64,11234,1123,79,54,97,9654
65,5987,498,31,19,44,5123
66,9876,987,68,45,85,8345
67,6543,548,36,22,50,5654
68,13876,1387,103,70,138,11765
69,3765,289,15,7,23,3234
70,10987,1098,77,53,95,9345
71,7654,654,44,28,60,6543
72,8654,865,60,39,75,7345
73,5432,443,28,16,39,4654
74,14543,1454,108,74,145,12432
75,4234,334,18,9,27,3654
76,12123,1212,86,59,121,10345
77,6876,578,38,23,53,5987
78,9234,923,64,42,80,7876
79,7123,612,40,26,57,6123
80,16876,1687,126,87,168,14234
81,3543,278,14,6,21,3032
82,11654,1165,82,56,100,9987
83,5876,488,30,18,43,5032
84,8765,876,60,39,75,7432
85,6234,523,34,21,48,5376
86,13654,1365,102,70,136,11654
87,4654,364,20,10,30,3987
88,10765,1076,75,52,93,9234
89,7432,643,42,27,56,6432
90,9123,912,63,41,79,7765
91,5654,468,29,17,41,4876
92,15234,1523,114,78,152,12987
93,3876,297,15,7,24,3287
94,12432,1243,88,61,124,10654
95,6765,568,37,23,54,5876
96,8987,898,62,40,77,7543
97,7234,623,41,26,58,6234
98,14987,1498,112,77,149,12765
99,4321,338,18,9,27,3721
100,11456,1145,80,55,99,9876
